34664535856;848982590;Lucas Gabriel Vieira;23/06/4787;Sao Paulo
82830525604;936307915;Pietro Araujo;18/08/1711;Rio de Janeiro
88972828653;962222458;Joao Pedro Costela;14/03/3858;Brasilia
51117495868;870394404;Juliana das Neves;11/01/8391;Salvador
79369060960;136390301;Ana Carolina Martins;14/10/7961;Fortaleza
97795031293;433178362;Erick da Mata;11/01/8998;Belo Horizonte
37107114441;642028835;Ana Julia Rezende;31/10/8022;Manaus
03204417760;751712404;Rafaela Dias;25/07/4361;Curitiba
46563341977;966820724;Barbara Cavalcanti;23/10/9516;Recife
96503774680;956766148;Luiz Gustavo da Cruz;08/05/6317;Goiania
25860224753;871796723;Sarah Correia;19/04/2678;Belem
44419778830;182289112;Julia Fernandes;12/02/5037;Porto Alegre
40091691095;747122483;Fernando Novaes;31/12/0717;Guarulhos
76564755597;383859604;Julia Pires;13/10/0036;Campinas
55429508845;659202615;Larissa Nascimento;27/11/2898;Sao Luis
55063007783;361263058;Daniela Costela;29/11/4786;Sao Goncalo
56352875220;996578633;Samuel Lima;01/10/6729;Maceio
14832465740;910508320;Pedro Lucas Nogueira;24/04/1099;Duque de Caxias
01825492913;161682579;Cecilia Vieira;08/06/0711;Campo Grande
56612040009;024917910;Marcelo Fernandes;06/09/1514;Natal
66024294425;638415926;Luiz Henrique Moreira;02/03/3471;Teresina
13465752740;014394849;Eloah da Costa;06/06/3808;Sao Bernardo do Campo
45219579860;094293114;Isabella da Mota;03/06/7803;Joao Pessoa
29369487204;583176421;Enzo Correia;19/12/2185;Nova Iguacu
95568662800;443684572;Ana Livia Moraes;30/07/4443;Sao Jose dos Campos
48132716850;581559590;Diogo Caldeira;08/09/2651;Santo Andre
81465861475;139304738;Daniela Rocha;24/02/2772;Ribeirao Preto
80009589457;874076375;Otavio Costa;14/04/1826;Jaboatao dos Guararapes
94356854632;396929804;Manuela Rodrigues;06/02/9147;Uberlandia
98000183285;608886819;Gabrielly da Mata;23/07/1971;Osasco
22514788099;758437861;Lucas Gabriel Dias;17/05/1291;Sorocaba
15157511396;959842734;Manuela Cavalcanti;29/07/9826;Contagem
98332158583;916303378;Srta. Manuela da Rocha;30/08/5109;Aracaju
92268967476;988485131;Vitor Gabriel Dias;12/01/4169;Feira de Santana
15360410760;254939386;Augusto Pereira;25/01/0267;Cuiaba
29228992840;748522502;Maria Julia Dias;03/06/1234;Joinville
44313336141;197676358;Vicente Costela;26/07/6725;Aparecida de Goiania
51732934037;756073839;Daniel Rezende;31/07/7546;Londrina
92679018508;410237564;Maria Luiza Ramos;28/03/4776;Juiz de Fora
26162915840;866749476;Pedro Henrique Moraes;29/06/8440;Porto Velho
09915896964;820479464;Amanda Vieira;29/04/6775;Ananindeua
63092802101;842711662;Manuela Sales;14/07/4540;Serra
54463032539;528701835;Livia da Mata;29/05/1053;Caxias do Sul
28214863910;132058490;Sophie Campos;25/06/5161;Macapa
33566489344;152410448;Joaquim Ferreira;25/09/8614;Niteroi
34206140553;807681881;Luiz Otavio Cardoso;07/10/0323;Florianopolis
70126475075;264073091;Emanuel Almeida;23/08/6204;Belford Roxo
90298061686;177269564;Bernardo Campos;03/08/5941;Campos dos Goytacazes
68406308621;020812847;Lorenzo Teixeira;06/04/3838;Vila Velha
87759050518;250074154;Emanuella Cardoso;21/09/2200;Maua
68992001711;172419447;Calebe Alves;01/06/6238;Sao Joao de Meriti
68082990058;264814478;Rebeca Freitas;12/07/0123;Sao Jose do Rio Preto
73279932661;580443666;Thales Cunha;24/07/8036;Mogi das Cruzes
53456408404;597579806;Benjamin Alves;04/09/9651;Betim
51875823050;539010884;Joao Lucas Castro;04/07/4746;Boa Vista
29817218520;095479499;Sabrina da Mota;24/07/9926;Maringa
37642046995;300512616;Joao Vitor Pires;02/08/8247;Santos
48582162928;753243872;Mariane da Cunha;08/06/5586;Diadema
09829057348;660296057;Maria Cecilia Melo;02/08/8883;Jundiai
91771892218;463889957;Joao Felipe Ribeiro;07/06/2105;Rio Branco
98054846452;518288613;Helena Goncalves;03/01/6160;Montes Claros
68404291489;644394205;Nicolas Silveira;05/01/3930;Campina Grande
43716276928;427202873;Ryan Rocha;07/09/1760;Piracicaba
58027720184;942163317;Melissa Pinto;10/08/6376;Carapicuiba
64498254996;062233971;Maria Luiza da Mota;19/05/5654;Anapolis
25262289991;062693874;Henrique Rocha;26/06/4228;Olinda
06465217562;752274026;Thomas Barbosa;19/07/8497;Cariacica
89161291250;383509551;Arthur Duarte;09/03/0871;Bauru
92523148498;034540435;Theo Ramos;22/03/4473;Itaquaquecetuba
32055687026;310239948;Levi Pires;02/02/8679;Sao Vicente
69393975825;110687434;Raquel Lopes;29/04/6918;Vitoria
48394964044;929158956;Davi Lucca Costela;25/03/8512;Caruaru
66588197853;961105423;Natalia Farias;02/05/7984;Caucaia
48374076410;073858628;Maria Cecilia Martins;29/11/1291;Blumenau
61258794101;224000563;Alexia da Rosa;01/12/0987;Petrolina
46721983249;374848982;Joao Guilherme Fernandes;29/07/8616;Ponta Grossa
24338465522;166401056;Helena da Cruz;23/10/9889;Franca
93850525783;638222552;Srta. Maria Clara Correia;30/08/9094;Canoas
99364059190;705497329;Srta. Livia Fernandes;22/03/9361;Pelotas
89754734305;207203260;Anthony Oliveira;21/07/6760;Vitoria da Conquista
77916714680;411351974;Helena Fernandes;12/04/9723;Ribeirao das Neves
80896109003;018143444;Barbara Goncalves;21/12/4538;Uberaba
55471150104;307303998;Calebe Moura;05/11/1782;Paulista
31892072670;355687946;Maria Cecilia Cunha;14/06/9233;Praia Grande
31037917120;544252986;Ana Vitoria Sales;03/10/4129;Cascavel
29825034173;841369003;Giovanna Goncalves;22/01/1150;Sao Jose dos Pinhais
06770756692;261981190;Thiago Ferreira;06/02/1289;Guaruja
98154698609;722431452;Maria Julia Barros;19/10/2986;Taubate
58284156547;157920815;Breno Moraes;03/05/7497;Palmas
30036052671;845440468;Ana Sophia da Mata;29/07/0260;Limeira
32749537762;095086801;Camila Lima;02/10/0456;Camacari
63536176828;850045680;Luiz Gustavo Farias;15/02/1231;Santarem
15984441667;020688572;Agatha da Conceicao;27/03/2682;Petropolis
09283468970;665642855;Bianca Viana;18/05/4647;Mossoro
76757757672;200244476;Luiz Miguel Fogaca;31/12/7884;Suzano
02134306572;666688042;Rebeca Jesus;16/10/3592;Taboao da Serra
30767347501;354515847;Vitor Lima;16/12/4487;Varzea Grande
85271041646;185807151;Marina da Cruz;02/11/9132;Sumare
46800155942;414541203;Joao Lucas Lopes;16/10/3699;Maraba
08574930008;107955798;Alicia Costa;14/07/8361;Gravatai
13140497989;870401049;Alicia Viana;31/08/6666;Santa Maria
97285337560;099700099;Maysa da Luz;07/07/4686;Governador Valadares
29256627655;809616351;Pedro Henrique Santos;18/02/0015;Barueri
01158319320;556804700;Sophie Teixeira;24/07/0486;Embu das Artes
03744724670;839446871;Alana Goncalves;15/09/5651;Juazeiro do Norte
54905860601;487963547;Gustavo Henrique Souza;08/05/7395;Volta Redonda
87751673109;922593913;Julia da Cunha;29/09/7180;Parnamirim
58970696385;465536591;Vitor Rocha;20/10/9877;Ipatinga
66062042160;377343719;Sophia da Mata;09/09/0280;Macae
90752677209;154042180;Guilherme Novaes;02/01/3245;Indaiatuba
18162656677;691048718;Bianca Cunha;09/12/5571;Imperatriz
34748139862;228001746;Igor Ferreira;01/01/3446;Foz do Iguacu
99637993452;550700230;Giovanna Carvalho;21/11/5045;Cotia
49396267929;182264902;Yuri Gomes;05/04/3577;Viamao
35547826022;427486032;Joao Pedro Jesus;09/03/6797;Sao Carlos
98561209500;355512789;Bruna Ferreira;03/01/0768;Sao Jose
01443809519;875563490;Vitor Gabriel Cardoso;22/08/2714;Colombo
55050718562;682221899;Pietra Teixeira;03/10/5456;Mage
00377478865;271353665;Maria Clara Sales;06/05/6143;Novo Hamburgo
97299649128;276569648;Esther Freitas;26/07/8477;Rio Verde
90826780121;271636709;Pedro Lucas Duarte;04/03/5054;Itaborai
62246838673;965805315;Henrique Carvalho;15/02/0729;Americana
58327541315;690394435;Maria Eduarda Carvalho;15/07/0656;Itapevi
04598603801;628345479;Nina Mendes;08/04/2081;Sete Lagoas
05908717908;560114796;Davi Lucca Freitas;09/01/8976;Divinopolis
73546490231;466759117;Lara Silva;17/02/7754;Marilia
25232607863;768185504;Joao Miguel Rocha;12/05/9119;Araraquara
09127418804;736986127;Catarina das Neves;20/08/6996;Sao Leopoldo
98997896318;148723320;Livia Moreira;02/04/0810;Rondonopolis
99240415777;557309194;Manuela Nogueira;28/07/0315;Hortolandia
09217044881;211001127;Enzo Gabriel Cavalcanti;17/06/2108;Jacarei
25831645703;094125979;Isadora da Costa;09/10/0868;Arapiraca
61844128920;634460510;Davi Lucas Lopes;12/08/5916;Cabo Frio
00468709622;042422002;Isabella Rodrigues;03/12/3645;Presidente Prudente
47995294204;234673552;Calebe Mendes;06/03/0155;Maracanau
44146568420;028626024;Maria Vitoria Vieira;10/02/3990;Dourados
51126498289;672704764;Joao Felipe Pires;13/02/2466;Chapeco
25516526264;519466490;Mirella da Paz;08/05/1299;Itajai
79358770686;750916224;Davi Cavalcanti;05/10/0017;Aguas Lindas de Goias
06585887298;445390280;Yago Silva;20/11/3710;Santa Luzia
74116675601;610765931;Ana Clara Pinto;01/01/0446;Juazeiro
52106435142;979530264;Manuela da Rocha;05/07/7627;Criciuma
96611166360;562612384;Melissa Cardoso;20/11/6949;Parauapebas
07104733035;457219270;Anthony Santos;19/05/2148;Luziania
76211964757;064621269;Benicio Oliveira;08/03/6321;Itabuna
71031752765;996368074;Maysa Almeida;10/12/2158;Rio Grande
48546358605;598861562;Vitor Caldeira;31/12/3533;Sobral
83225532690;971009990;Giovanna Moreira;16/02/6790;Alvorada
51011448351;829491896;Arthur da Costa;04/03/1948;Cachoeiro de Itapemirim
65250240640;599936667;Isis Pires;17/06/3790;Cabo de Santo Agostinho
61999891392;573115029;Rafaela Barbosa;20/11/1061;Angra dos Reis
52361835290;806213964;Renan Alves;04/06/9352;Rio Claro
56364721702;258078949;Isis Monteiro;23/10/3928;Passo Fundo
35895511007;463697334;Juliana Farias;31/05/8113;Castanhal
19108119120;831520576;Joao Melo;08/12/1830;Lauro de Freitas
00597298645;721316340;Miguel Lima;13/12/7932;Aracatuba
87934846150;514693671;Nina Costa;04/01/5419;Ferraz de Vasconcelos
23468502176;348342993;Julia da Rocha;29/06/9161;Santa Barbara d'Oeste
13892698848;573636216;Levi Azevedo;12/07/6319;Nova Friburgo
83510970390;803200343;Ana Sophia Almeida;07/09/1440;Nossa Senhora do Socorro
81645438295;919178560;Isis Lopes;05/09/5178;Araguaina
10361239602;839334565;Nicolas Ferreira;25/06/7001;Teresopolis
99136638730;073961041;Ana Clara Moraes;05/06/5280;Barra Mansa
05547799009;034613314;Luigi Silva;01/03/6250;Jaragua do Sul
44218993050;931431587;Ryan Alves;13/04/3971;Ibirite
39105365651;291606660;Lucas Gabriel Teixeira;10/10/2325;Guarapuava
29481437566;010271138;Thales da Cruz;27/03/7824;Sao Jose de Ribamar
85432551390;496551986;Vicente da Rocha;16/08/8949;Linhares
87357411559;195509480;Sophie da Luz;02/12/5755;Itapecerica da Serra
00916235106;552030028;Caue Monteiro;19/09/0923;Francisco Morato
64066558500;513536749;Heitor Gomes;11/05/8213;Palhoca
20578000164;585236021;Enrico Goncalves;31/12/8006;Itu
82270126556;461699636;Felipe Silva;13/01/2974;Mesquita
54497021327;468694472;Heitor Peixoto;12/07/9823;Valparaiso de Goias
60409075760;094236648;Diogo Pereira;12/04/0467;Braganca Paulista
80246552255;827440705;Mariana Castro;21/10/8258;Pindamonhangaba
32934604020;135614802;Srta. Maria Cecilia Barbosa;19/04/9135;Timon
65745923059;415802262;Kevin Araujo;28/08/6429;Pocos de Caldas
97013814679;171174471;Enzo Costela;14/04/7776;Marica
57981770840;363311026;Maria Julia da Cunha;28/05/9627;Itapetininga
16334120913;665278588;Thales Costa;07/05/8073;Caxias
31925847500;063939398;Luiz Felipe da Luz;08/09/8865;Teixeira de Freitas
70300578059;531440590;Camila Nunes;01/03/0085;Nilopolis
58230782180;932381096;Raquel Dias;30/07/3990;Sao Caetano do Sul
84503980530;970333728;Leticia Monteiro;16/10/4051;Abaetetuba
41532815654;407717533;Alexandre Porto;10/11/3378;Camaragibe
25623432042;683952516;Gabriel da Mota;31/05/0264;Rio das Ostras
74774486620;246374311;Ana Laura Caldeira;27/01/3454;Franco da Rocha
09209727568;641919449;Camila Moreira;08/02/8081;Barreiras
10716860899;626256999;Vicente Sales;28/11/8678;Ilheus
88377970287;734045894;Luna Monteiro;05/07/8507;Paranagua
52392346127;961461199;Eloah Almeida;15/11/3041;Lages
14912882135;697427880;Sophia Peixoto;06/11/3190;Jequie
82186999021;696707157;Stella Freitas;25/03/4924;Patos de Minas
45006864877;102876803;Bruno Almeida;14/07/6077;Pouso Alegre
52230471252;073003605;Maria Eduarda da Mota;11/11/8036;Mogi Guacu
80543324672;261263977;Daniel Goncalves;14/11/1648;Parnaiba
34271696340;806977430;Marina Pires;21/12/7028;Jau
24414314127;142935571;Otavio Freitas;08/12/3969;Alagoinhas
00655946063;447415340;Lucas Gabriel da Rosa;02/09/3560;Porto Seguro
30918722381;660897317;Vitoria Freitas;17/11/7980;Queimados
67704749994;521078420;Lara Barbosa;18/11/9826;Botucatu
05811613008;459761227;Vitor Gabriel Ramos;07/09/4716;Balneario Camboriu
67729930048;378620951;Julia Pinto;01/10/6272;Sinop
07332416700;076907977;Ana Clara da Rocha;10/07/8681;Araucaria
96612249781;338949503;Caue Moreira;16/10/2351;Atibaia
83678487564;539984684;Augusto Santos;07/04/0508;Santana de Parnaiba
60591704200;510695707;Leandro Araujo;24/08/1536;Toledo
48172554559;066393022;Stephany Fogaca;25/01/0635;Sapucaia do Sul
54139533307;762375735;Gabrielly Silva;15/09/4919;Garanhuns
99859042306;107117998;Samuel da Mota;11/02/3019;Teofilo Otoni
92458271006;203622063;Gustavo Henrique da Conceicao;22/04/8422;Cameta
73783792800;991014230;Joao Rocha;26/03/7754;Brusque
65354325480;229573015;Gabrielly Silveira;19/03/7947;Vitoria de Santo Antao
45521371311;479045894;Maria da Rosa;18/01/5802;Barbacena
49749714253;435698433;Ana Julia da Mata;24/06/8228;Santa Rita
47976675400;624131537;Maria Cecilia Porto;24/01/0026;Sabara
31793212023;313248141;Lorenzo Moreira;13/05/7190;Varginha
35530943110;084964839;Bruno Costela;20/06/9640;Apucarana
42523078058;633988562;Ana Beatriz Teixeira;21/04/7790;Simoes Filho
92058712064;985880756;Ana Clara Rocha;14/03/7558;Araras
71719173559;390415358;Yago Moreira;06/08/6669;Itaguai
43549839073;214554466;Caua da Cunha;01/12/1270;Araruama
30916101878;403300962;Vicente Caldeira;19/03/0066;Marituba
36540896077;760718497;Emanuella da Cruz;13/12/2914;Sao Felix do Xingu
91725362414;586979302;Gabriel da Mata;19/12/2685;Campo Largo
08643504491;018454425;Maria Clara Carvalho;18/11/7150;Pinhais
30110979842;984539325;Guilherme da Rosa;28/01/1084;Sao Mateus
24580199944;488870892;Ana Laura Santos;24/07/1193;Crato
38701358405;176069116;Cecilia Vieira;08/07/9611;Resende
89061552206;756659300;Caroline da Cruz;10/07/7488;Valinhos
58371874561;414866632;Stella Farias;15/03/8512;Cubatao
57740424307;091287003;Ana Beatriz Oliveira;30/10/5162;Santa Cruz do Sul
78989110750;766336526;Nina Cardoso;24/04/7789;Cachoeirinha
19183331301;300233425;Cecilia Moreira;29/08/6757;Trindade
70184540852;784977278;Beatriz Moreira;23/04/6590;Vespasiano
91568200030;187111697;Ana Vitoria Costa;16/10/2280;Itapipoca
01394521928;554906356;Maria Julia Santos;21/02/5454;Maranguape
55272312015;931785980;Pedro Monteiro;30/07/9962;Ji-Parana
16382644498;692872678;Maria Sophia Ferreira;07/05/8952;Conselheiro Lafaiete
58961720287;093357263;Isabelly da Paz;23/05/9870;Braganca
97368392909;639394663;Enrico da Mota;14/07/7235;Barcarena
22940169390;561436317;Igor Ramos;19/05/7941;Guarapari
33706247020;978887877;Gabrielly Ramos;06/09/1548;Sertaozinho
89765714440;358366297;Maria Sophia Vieira;23/04/3564;Jandira
79834103280;884386439;Julia Azevedo;07/04/7544;Uruguaiana
82167087268;577538192;Nina Fogaca;31/08/5037;Arapongas
99197764248;093318129;Maria Vitoria das Neves;13/10/8977;Birigui
62865034712;173823546;Maria Fernanda Pereira;22/08/8196;Formosa
06380557849;119991521;Caue Azevedo;31/07/5026;Paco do Lumiar
16036530234;685220894;Emanuelly Nogueira;01/02/8981;Ribeirao Pires
61334845867;995845436;Juliana da Luz;27/05/5050;Caraguatatuba
90594691940;034487122;Alicia da Mata;06/09/9380;Tres Lagoas
04538094641;513573037;Catarina Lima;27/09/5820;Santana
87212177938;250843917;Maria Sophia Azevedo;12/08/5554;Votorantim
08050082768;315067743;Livia Cavalcanti;15/12/6185;Colatina
74546634277;570475020;Raul da Cruz;01/09/7235;Varzea Paulista
25989783744;800470822;Eloah Dias;18/10/5028;Itatiba
62761231104;866751622;Breno Melo;08/02/5362;Tatui
78960385107;606783645;Lais Ramos;16/01/7215;Barretos
26057980034;563855721;Ana Laura Santos;07/01/1352;Codo
52776684037;685517004;Ana Clara Duarte;24/12/8337;Guaratingueta
59538889886;078252359;Bernardo Caldeira;20/09/4362;Catanduva
45851133473;941288219;Joao Ribeiro;27/02/1687;Bento Goncalves
71914604237;779456341;Sabrina Costela;19/05/2085;Itabira
56601668494;134369050;Emilly da Cruz;22/03/3377;Bage
97789814699;473536767;Bianca Dias;12/11/9613;Senador Canedo
22276604735;722786531;Fernando Martins;23/11/5868;Almirante Tamandare
59284397090;389215837;Beatriz Silva;27/02/9824;Salto
61564936465;462161214;Srta. Stephany Cavalcanti;16/07/9438;Igarassu
19050194249;627287975;Marcos Vinicius Pires;24/02/2977;Novo Gama
24681117293;598132902;Lara Jesus;21/01/8561;Poa
75722148350;450074534;Julia da Mota;22/05/0964;Paulo Afonso
48380017897;096702259;Henrique Rezende;31/08/2119;Araguari
54660847276;710026050;Emanuel Teixeira;05/03/6706;Uba
54539161849;547456070;Caue Moreira;10/08/8224;Altamira
46439953605;107305641;Emanuel Silva;23/11/7228;Piraquara
63983282059;644423632;Sophie da Mota;06/04/7546;Tucurui
39699726806;927768124;Eduarda Alves;03/05/2480;Parintins
69408583426;765831272;Maria Monteiro;31/12/9177;Passos
37425332582;938358305;Andre da Luz;11/06/9468;Paragominas
59049965350;419509374;Joao Guilherme Melo;07/08/6367;Eunapolis
62424886636;340374495;Elisa Nogueira;17/03/5420;Ourinhos
68143171175;743012562;Maysa da Cruz;17/11/1066;Sao Lourenco da Mata
13213342572;126695657;Olivia Rocha;17/03/3924;Paulinia
83562375727;910114759;Esther Vieira;13/02/2646;Acailandia
26452617010;021990011;Gabriel Moreira;22/05/1963;Umuarama
70628414129;027339513;Maria Clara da Cruz;12/03/6945;Catalao
07796020562;960776026;Julia da Mota;07/09/6852;Corumba
10996444106;750308077;Ana Beatriz Nascimento;03/10/4917;Santa Cruz do Capibaribe
59066233028;973279365;Daniela Viana;30/10/1148;Tailandia
39741734638;520284507;Srta. Maria Vitoria Nogueira;14/02/4733;Ariquemes
42735645134;490238409;Isabelly Costa;11/06/8196;Coronel Fabriciano
78273695964;642345964;Sophie Cardoso;22/08/9265;Muriae
79825569573;672693778;Camila Fogaca;26/12/1715;Patos
51607718081;789708405;Eloah Ribeiro;14/06/3170;Araxa
89354248896;039518700;Danilo Teixeira;03/10/0647;Nova Serrana
68392634870;331119449;Igor Pinto;12/01/3155;Cambe
75386132261;662795804;Melissa Lima;17/06/2053;Tangara da Serra
44534930887;812743465;Alicia Peixoto;03/09/1421;Sao Pedro da Aldeia
21426511868;678536159;Stella Souza;13/03/8967;Erechim
71587399962;171084617;Evelyn da Cunha;11/04/0978;Tubarao
42073392210;107707600;Ian Farias;24/05/6295;Itumbiara
80300422482;763324601;Emanuel Oliveira;31/01/7466;Japeri
55463728186;680754094;Nathan da Paz;23/01/2056;Lagarto
33404792246;045717797;Enzo Cunha;11/05/7338;Ituiutaba
08730746108;829037919;Isabel Silveira;18/03/4034;Assis
67962178884;944740929;Maria Freitas;16/04/7441;Lavras
04251077954;460833024;Miguel Farias;06/07/3696;Leme
37162866301;400512586;Catarina da Mata;10/05/0011;Bacabal
52322933112;930181132;Lucca Ferreira;28/04/5695;Aracruz
37329393320;734181857;Benjamin da Conceicao;24/11/3418;Sao Goncalo do Amarante
56513363462;477258180;Fernanda Souza;01/08/4808;Vilhena
51054397406;932761730;Nathan Azevedo;04/02/4759;Itaperuna
95524490818;752671369;Joao Teixeira;20/07/9782;Itanhaem
87462422441;454102893;Maria Alice Vieira;02/08/7001;Breves
24424482898;109737530;Arthur Lopes;16/12/5810;Itacoatiara
57460447170;044844111;Emilly Costela;08/09/4606;Caieiras
77584589120;573313737;Caroline Barbosa;19/04/1034;Fazenda Rio Grande
45830786508;414338207;Olivia da Cunha;18/08/1885;Mairipora
74808935317;576830595;Enrico Pires;01/01/0794;Iguatu
49520250123;512463047;Ana Nunes;04/03/1444;Jatai
27857748412;147103503;Andre da Paz;20/03/2248;Santo Antonio de Jesus
23320564161;979238701;Rafaela Moreira;28/01/7981;Itaituba
27285095303;546182183;Maria Luiza Rocha;16/02/8473;Barra do Pirai
36038909494;945259449;Melissa Barbosa;30/04/3527;Abreu e Lima
69605087898;928483362;Laura da Rocha;10/04/6585;Manacapuru
77428038790;405715392;Livia Alves;19/07/9380;Ipojuca
82232328805;207899688;Vitor da Mata;14/12/8893;Sarandi
95317946859;524449101;Davi Luiz Moura;12/04/1086;Guaiba
20400894890;562277806;Isabelly Araujo;11/10/5002;Valenca
10481412689;370920207;Joana Cavalcanti;04/10/2524;Itajuba
58920222770;231025854;Maria Clara Alves;20/04/6091;Bayeux
53666630677;190610472;Ian Freitas;27/08/7079;Nova Lima
26559708616;025682807;Gustavo Sales;14/07/3090;Balsas
71261837983;562396942;Antonio Sales;17/01/9841;Itabaiana
20994766327;203723982;Vitoria Vieira;15/04/7377;Votuporanga
81824460660;924475728;Ana Carolina Almeida;06/12/7253;Campo Mourao
50490040128;623978289;Julia Costa;29/09/2556;Cacapava
26596467244;438887719;Manuela Pereira;24/04/0010;Para de Minas
16575578802;869705709;Vitor Gabriel da Mota;27/10/3457;Caceres
88046962651;014554487;Livia da Costa;29/01/8742;Ponta Pora
37452285026;895169158;Caua Araujo;04/01/5361;Itapeva
35332270062;286580905;Isaac Costela;27/08/0060;Caldas Novas
46507486825;716596044;Emanuel Cunha;04/03/7771;Sorriso
89923117022;237646087;Augusto Castro;04/05/2566;Paracatu
02132924759;362550745;Enrico Costela;14/10/1343;Itauna
42268641155;993438731;Francisco Nascimento;15/12/7799;Mogi Mirim
76832290403;246344549;Maria Cecilia Melo;03/11/6857;Francisco Beltrao
40508760941;691772607;Livia Rezende;29/08/2421;Caratinga
01051099676;989232920;Davi Luiz Dias;12/06/3945;Sao Roque
66635403434;543343782;Eloah Nascimento;25/11/7700;Ubatuba
48127403636;563454887;Marcelo Souza;17/08/7539;Luis Eduardo Magalhaes
87540214058;615792359;Srta. Alicia Teixeira;26/04/7318;Aruja
12963031017;134946277;Theo Nogueira;09/05/4880;Sao Joao da Boa Vista
74359378785;092155868;Clarice Fogaca;30/03/2033;Patrocinio
77117644567;753720039;Ana Laura Carvalho;21/07/3764;Sao Cristovao
11353004538;905928615;Bernardo Silva;01/08/6344;Manhuacu
76474282177;792993054;Luiz Miguel Duarte;26/09/5530;Saquarema
96162399290;629371483;Leandro Carvalho;19/09/7917;Avare
53963301120;894313536;Diego Ferreira;28/08/7835;Sao Sebastiao
77644565787;196676288;Mirella Fernandes;25/01/9843;Planaltina
86674192813;893994346;Joana Freitas;11/04/4996;Timoteo
31600834973;651930264;Ana Carolina Pereira;03/07/0929;Sao Joao del-Rei
28853195347;435502012;Barbara Moura;19/02/9740;Santa Ines
93672338257;312025130;Ana Barbosa;10/10/0852;Cruzeiro do Sul
44153069698;503124221;Pedro Lucas Caldeira;04/12/8229;Lorena
96872293144;980814151;Emanuel da Conceicao;01/12/8491;Paranavai
00702694320;124907690;Yasmin Nogueira;01/11/8028;Quixada
89609468420;612664675;Raul da Cunha;01/04/3473;Barra do Corda
35355867049;808810690;Amanda Correia;25/12/5667;Gurupi
72034645120;836436577;Davi Lucas Santos;09/01/8243;Candeias
40832696854;607164059;Maria Fernanda Viana;18/07/4649;Serra Talhada
81903774004;265812765;Luiz Fernando Silveira;03/05/4403;Camboriu
29667618307;903422103;Rebeca Viana;26/04/1941;Coari
80483051519;555420501;Lavinia da Luz;28/03/3991;Cacoal
64403752101;324971767;Luigi Melo;15/06/4428;Campo Limpo Paulista
76609600244;746536281;Lavinia Barros;11/12/4515;Redencao
14113075425;490246929;Julia Moreira;15/01/2855;Sao Bento do Sul
41980553947;879215838;Lucas Gabriel da Mata;17/02/0086;Lajeado
48079990107;371975690;Maria Rocha;29/05/2461;Navegantes
58100362289;942908719;Augusto Sales;16/11/8811;Pacatuba
23781274306;816113791;Pedro Miguel Monteiro;23/04/8678;Unai
49739042520;574108251;Bianca Fernandes;28/04/5231;Guanambi
28770700699;503548753;Luiz Henrique da Luz;09/09/2668;Gravata
66125659933;082076422;Raquel Silva;19/07/8942;Araripina
28159344856;325287890;Alice Alves;27/03/0125;Carpina
63052346989;252522678;Bryan Lopes;08/06/0075;Cianorte
15855726835;598481291;Eduardo Rodrigues;17/11/4614;Pato Branco
81517334543;320281377;Augusto Freitas;07/10/9167;Moju
43694091874;757818646;Renan Nogueira;06/02/3664;Pinheiro
53418743587;657127055;Leandro Rodrigues;08/01/2150;Matao
84707576109;482739844;Ana Carolina Silveira;27/11/2429;Ijui
81503195309;247115343;Ian Martins;18/01/6844;Seropedica
81609788206;674302887;Enzo Gabriel Campos;31/08/6576;Dias d'Avila
64929150469;342092687;Danilo Souza;14/12/2220;Esteio
94687937101;175872195;Luna Ferreira;27/05/3221;Cruzeiro
65555457049;742756522;Giovanna Goncalves;21/03/0373;Macaiba
43618048858;679066554;Theo Peixoto;24/02/8275;Tres Rios
64813858309;639969588;Pedro Miguel Moura;31/05/1754;Quixeramobim
60779740645;301300534;Matheus Silveira;09/09/8659;Serrinha
90354554280;596666549;Leticia Nunes;16/02/4061;Aquiraz
34851032927;935057365;Enzo Mendes;30/07/6576;Cachoeira do Sul
96809977660;037986623;Joao Miguel Nascimento;24/09/8183;Vinhedo
94142908340;613658062;Luiz Gustavo Silva;08/03/1373;Curvelo
26886523465;047202039;Esther Correia;05/11/4310;Alfenas
87608646802;916279476;Vinicius Barbosa;16/03/6549;Joao Monlevade
35044905607;604187771;Alana Ferreira;24/10/9778;Jacobina
95946274686;339488765;Bruno Pinto;26/12/7540;Viana
99967069155;933821800;Carolina da Mata;28/02/1063;Chapadinha
38663870752;727390871;Davi Correia;13/08/2021;Telemaco Borba
03393774530;901667502;Joana Cardoso;19/04/1280;Tres Coracoes
25578997716;302043777;Maria Sophia Lopes;13/04/3961;Sapiranga
27160870409;467047001;Isabella Viana;25/10/6956;Goiana
84920424000;735122553;Maite da Costa;19/06/9361;Ibiuna
04824136628;908269805;Luiz Gustavo Porto;10/11/1019;Cacador
10005532051;606572202;Maria Alice Caldeira;03/08/5761;Vicosa
31890059404;716058420;Fernando Costela;04/03/2574;Senhor do Bonfim
36402850934;702468043;Alice da Cunha;30/11/6949;Russas
20492601640;819466780;Natalia Pires;03/04/7756;Cajamar
49076513171;999418204;Joaquim da Rosa;16/06/7035;Lins
80589452347;789791415;Heloisa Barros;04/01/2756;Picos
05993801522;094131207;Luna Nascimento;12/05/7300;Novo Repartimento
18493682365;253734607;Alicia Gomes;01/12/1609;Jaboticabal
05410731760;882400039;Maria Alice Correia;05/11/0437;Bebedouro
80112534414;344615573;Diego da Conceicao;21/04/2029;Santo Angelo
31517051541;730508276;Kevin Freitas;15/03/4210;Caninde
48564367084;302595984;Rafaela Santos;20/06/7206;Itapetinga
21527341062;363361030;Thales Lima;18/10/3431;Pirassununga
10873649141;490163035;Luiz Miguel Santos;12/07/2134;Valenca
71564658562;507520356;Luna Barbosa;19/09/0739;Tiangua
85224146372;071599740;Ana Julia Ribeiro;16/01/3585;Belo Jardim
87310440340;654446360;Diego Azevedo;01/06/2737;Santo Antonio do Descoberto
40417804709;384595575;Luana Oliveira;23/02/4815;Santana do Araguaia
09126670526;470900880;Helena Costela;13/01/6026;Cataguases
21879812401;843860073;Stephany Araujo;11/11/6017;Itapira
96435969582;591573847;Nicolas Castro;02/10/2603;Concordia
58607148400;811577348;Augusto Azevedo;19/06/8917;Rio Largo
35770268204;136081876;Lucca Goncalves;29/10/9621;Santana do Livramento
11123230749;764379124;Marina Teixeira;19/12/4719;Aracati
28509754195;041730599;Renan Almeida;23/05/4279;Arcoverde
40952709007;813446713;Ian da Rosa;24/03/8991;Crateus
53646363568;578611749;Helena Pereira;12/06/6478;Oriximina
15523212407;991228543;Maria Sophia Caldeira;25/05/5879;Ouro Preto
74832475924;489141867;Raquel das Neves;29/01/0109;Cosmopolis
18262323203;018557070;Srta. Livia Rezende;27/04/6345;Cidade Ocidental
97320749300;485076891;Nicolas Aragao;15/09/1222;Ceara-Mirim
06222502644;588766775;Clara Novaes;20/01/4632;Pacajus
86902468940;147022066;Isabelly Monteiro;26/04/9204;Irece
32342718365;645483418;Luiz Gustavo Pires;17/12/4478;Santa Rosa
84628568332;050787601;Yasmin Ribeiro;18/09/9089;Farroupilha
50621014257;048420892;Sophia Freitas;28/06/1710;Buriticupu
48856714779;528532482;Pedro Lucas Moura;23/08/9028;Palmeira dos Indios
47138641885;292767312;Danilo Pires;26/02/1454;Amparo
45075673864;338028774;Diego das Neves;07/01/9394;Santa Luzia
06615040344;214162887;Francisco das Neves;12/04/3360;Casa Nova
28338878251;528733962;Camila Moura;22/01/4549;Rio do Sul
11397357568;530100507;Luiz Felipe da Rosa;13/07/0889;Santa Izabel do Para
21829005782;467464330;Julia Melo;23/02/9797;Cascavel
95161702427;562662322;Olivia da Rocha;07/03/2971;Esmeraldas
84088870255;718736728;Maria Luiza Silva;13/01/5921;Alegrete
68821192954;995322775;Isabel da Luz;14/02/1750;Janauba
57840302564;805323393;Joaquim Porto;29/08/6401;Venancio Aires
01984649752;242198357;Thomas Fogaca;29/01/0826;Indaial
66952010483;733914080;Isadora Cardoso;10/05/2383;Castro
60558963200;171337384;Ana Clara Teixeira;27/11/8400;Goianesia
83969826004;130285734;Clarice Fernandes;04/11/9102;Gaspar
93382703190;009766216;Marcelo Peixoto;27/06/9574;Sao Sebastiao do Paraiso
26554702300;349960323;Maite Duarte;08/12/6409;Campo Formoso
00459084437;268023079;Maria Fernanda Costa;04/03/7358;Grajau
93513145373;616522629;Leticia Rocha;04/06/6520;Biguacu
17125911005;222414189;Luna Lima;09/05/3069;Ouricuri
88543639794;083737540;Elisa da Cunha;20/05/5965;Embu-Guacu
18654519169;666448665;Gustavo Rocha;28/02/2966;Bom Jesus da Lapa
97225948857;353138463;Catarina Gomes;05/12/5505;Sousa
47013733385;336699448;Rodrigo Gomes;14/02/0318;Campo Bom
81391703138;930269999;Vinicius Cardoso;17/01/4635;Estancia
74214577981;196172724;Sophia Aragao;30/05/4039;Capanema
68953863279;035297624;Caua Gomes;21/04/4678;Cabedelo
08269648345;949251826;Nicolas Barros;01/10/6708;Escada
47416042682;152908468;Srta. Alicia Lima;07/10/6487;Peruibe
16888773710;111137337;Carlos Eduardo da Rosa;09/03/4736;Horizonte
86810556826;408609993;Joaquim Peixoto;25/12/3773;Fernandopolis
88150354190;271786917;Larissa Alves;05/11/5526;Lucas do Rio Verde
46278397820;880601866;Yago Jesus;13/07/4246;Lencois Paulista
91057490423;005641584;Mariana da Rocha;29/02/6604;Ararangua
73481224346;025887849;Eduardo Santos;03/03/9264;Mineiros
55862689818;075510933;Daniel das Neves;05/09/1477;Itapema
90452332311;634376419;Maria Fernanda Mendes;10/11/3001;Itapecuru-Mirim
44563562602;069106816;Caroline Pereira;31/01/9026;Mococa
64925888862;884175473;Marcela Correia;09/11/6341;Caico
46995836286;562711503;Lorena Almeida;31/07/3708;Breu Branco
66920447231;804537705;Matheus Teixeira;17/02/2348;Tabatinga
77655112541;016822508;Emanuel Ferreira;28/09/8651;Ico
68541902668;549992358;Giovanna da Costa;05/07/8681;Rolandia
35172118772;327430480;Diogo Freitas;18/04/6485;Pesqueira
46241840177;530774233;Sabrina Jesus;26/11/9755;Januaria
91139413805;753588052;Livia Araujo;29/06/0412;Formiga
03705179705;452019770;Rebeca Farias;12/10/2594;Brumado
75618926750;552465538;Igor Caldeira;19/01/5729;Conceicao do Coite
04573739890;399255700;Vitor Gabriel Vieira;24/11/5118;Ipixuna do Para
64781490565;328142120;Bianca Monteiro;27/08/0108;Vacaria
24414194806;122999268;Luana Cardoso;29/01/7703;Lagoa Santa
28080680345;856549874;Pietro Oliveira;25/09/2619;Camaqua
46418017544;863983103;Heitor Ferreira;07/10/9300;Surubim
73443105114;018498137;Ana Sophia Monteiro;21/11/0800;Maues
59128613686;306401233;Clara Almeida;05/10/2471;Montenegro
32315257212;753410346;Isabel da Paz;01/01/2653;Bertioga
41453049266;324061569;Vicente Oliveira;31/05/2672;Uniao dos Palmares
28281170492;451780985;Luiz Otavio Mendes;05/06/6409;Coroata
22827319560;008460150;Heloisa Melo;13/03/4566;Tupa
67870619000;513505899;Henrique Melo;12/10/3767;Pedro Leopoldo
71107044596;344231458;Srta. Laura Duarte;15/06/1227;Itaberaba
74479443606;506886170;Lucca Costela;07/10/0079;Benevides
17291003415;772462936;Yago Azevedo;02/01/2571;Tome-Acu
37870302040;329599963;Yuri da Costa;10/12/0426;Itamaraju
36406340124;592906681;Gustavo Lopes;17/02/0793;Itupeva
93191771980;374259702;Yago Souza;30/04/1577;Camocim
07584126146;679714942;Davi Luiz Goncalves;10/04/9261;Penapolis
11112252142;078922064;Maria Vitoria da Costa;27/08/8156;Penedo
99755899367;690133769;Melissa Silveira;06/02/6369;Cruz das Almas
28942200222;554323426;Joao Campos;02/02/5786;Barreirinhas
69331690223;840398142;Larissa Silva;06/01/1536;Primavera do Leste
49081924214;647525060;Catarina Moraes;27/08/7966;Portel
95841029312;307299101;Bruna Goncalves;22/04/1622;Piripiri
26949896085;764546786;Gabriela Duarte;16/11/3319;Moreno
71843034743;427574318;Lorenzo das Neves;20/11/2903;Palmares
70682539546;736546493;Marcos Vinicius Lopes;12/08/0229;Acarau
10223497754;541075497;Caua da Rocha;08/04/1395;Batatais
66798623026;694893197;Thales Melo;16/12/5314;Igarape-Miri
58091965192;628875883;Lucas das Neves;19/12/4035;Boituva
40397546971;305433754;Leandro da Cruz;12/10/7635;Cajazeiras
06796098226;796014090;Julia Duarte;21/12/1178;Carazinho
37307465701;302344843;Joao Gabriel da Mata;10/12/1682;Sao Miguel dos Campos
47946243600;242965234;Paulo Fernandes;25/03/0680;Ulianopolis
09624477736;323794499;Luna Lopes;07/06/9210;Guapimirim
72000929834;153350599;Nina Costa;28/08/9770;Sao Gabriel
22026466394;867437287;Lorena Castro;28/10/8156;Viseu
55348934003;031633189;Sophie das Neves;22/05/7799;Vicosa do Ceara
47131127205;301385199;Bruno Lopes;28/11/4652;Mariana
96863954745;478010087;Arthur Almeida;03/05/2397;Nova Odessa
41562756206;349211174;Luiz Gustavo Moura;19/04/0661;Monte Mor
39863470201;353446126;Joana Rodrigues;23/01/5165;Barra do Garcas
84708481195;144852327;Joao Vitor Dias;21/08/6239;Barbalha
58683202631;321457558;Sophia Barbosa;31/10/1542;Morada Nova
44945475067;669714920;Joaquim Monteiro;28/10/6227;Salgueiro
72849596736;051139861;Samuel Cunha;05/07/4082;Irati
96677648346;250192385;Valentina da Rosa;19/01/4974;Cristalina
42255965240;014956418;Melissa Melo;11/03/0467;Dom Eliseu
02514862302;435169253;Livia Cunha;28/07/2256;Ibitinga
95725880605;042498187;Daniel Barros;16/09/4398;Euclides da Cunha
14517638596;381498097;Maria Alice Azevedo;13/05/2470;Bezerros
63225730122;215960464;Luiz Gustavo Barros;06/03/9031;Rio Bonito
95796401068;258130585;Lais Lopes;19/01/3138;Sidrolandia
12520853620;573242501;Valentina Ribeiro;26/03/7090;Mirassol
23450049836;809410314;Julia Mendes;31/07/0119;Sao Bento do Una
98960049190;569779325;Eduardo Sales;31/10/1888;Jacunda
13808105666;283466980;Amanda Freitas;05/12/1099;Frutal
51377845320;630498374;Gustavo Henrique Almeida;08/06/2022;Sao Miguel do Guama
94795404526;386796206;Caua Lopes;04/08/7332;Limoeiro do Norte
34293423176;079321348;Raquel Silva;22/11/8613;Santo Amaro
36878421420;740686979;Alexandre Costela;27/07/0142;Floriano
59162172263;586693523;Joao Pedro Castro;18/05/2600;Ponte Nova
79744682116;724525902;Otavio Martins;05/11/3780;Juruti
87931898770;237632023;Rodrigo Barbosa;19/12/4200;Tutoia
42417135647;346138229;Augusto Cavalcanti;27/02/0467;Jaguariuna
18997811371;746281216;Davi Luiz Melo;15/06/4114;Sao Borja
84701267252;396821807;Bruna Moreira;09/10/2719;Cachoeiras de Macacu
03027474600;971109781;Thales Azevedo;08/09/1119;Cruz Alta
32276782846;160819203;Emanuella Fogaca;01/10/2229;Buique
87201154311;101471913;Bryan Caldeira;23/06/8803;Parobe
45128329046;153505721;Rafaela Carvalho;31/08/8936;Guarabira
86111017071;965695562;Srta. Maria Clara Oliveira;19/03/6284;Ipira
79510012874;073023967;Thales da Rosa;21/12/2214;Taua
30300885709;268194992;Raquel Castro;18/02/6957;Tefe
12695800789;445570943;Augusto Carvalho;19/10/9305;Assu
74548440577;003996271;Lucas Ferreira;24/02/1693;Mongagua
45955355111;419766694;Cecilia Porto;15/01/4478;Santa Isabel
24779418950;269801622;Thomas Barbosa;13/06/1169;Uniao da Vitoria
69126048116;180857880;Caio Nunes;23/06/7087;Monte Alegre
70035596252;528216303;Bryan Souza;18/11/7027;Icara
84976516180;386908909;Mariana Barbosa;23/12/9460;Campo Alegre
84410316907;563558857;Diego Carvalho;17/05/2604;Vargem Grande
52479319636;518213206;Calebe Alves;05/06/6042;Taquara
57984592500;761935637;Melissa Mendes;01/07/7379;Coruripe
39225412916;735138939;Marcos Vinicius das Neves;09/02/4062;Taquaritinga
00163261210;463773937;Enzo Carvalho;29/12/5641;Manicore
94175559442;681364441;Pietro Carvalho;24/02/7978;Alenquer
59427666064;373186685;Joao Vitor Campos;07/10/5432;Paudalho
21741583020;087430326;Maysa Ribeiro;11/06/7536;Andradina
07464448006;905427143;Kamilly Duarte;26/10/0538;Humaita
68989433088;227842941;Luna Fogaca;10/09/7439;Tres Pontas
28489134014;841946520;Maite Fernandes;20/02/1326;Capivari
36714835043;483331222;Isabelly Correia;28/02/3398;Porto Ferreira
05293960920;313480223;Joana Duarte;27/02/2018;Pirapora
44967236898;943640390;Davi Lucas Farias;12/01/0479;Mafra
89436895003;407075025;Daniel Cunha;17/10/0390;Trairi
01072850885;156414951;Srta. Maria Cecilia Caldeira;22/03/5554;Sao Francisco
50983655200;195566962;Gabriel Aragao;06/01/7426;Navirai
17060568344;550885030;Sofia das Neves;31/01/4418;Registro
26481034302;710893293;Joao Vitor Nogueira;14/06/4767;Cangucu
18051657802;523446838;Evelyn Ribeiro;09/11/2748;Artur Nogueira
35529265502;959560978;Lorena Silva;12/12/7819;Limoeiro
39718670904;713675516;Vitor Gabriel Silva;12/09/2216;Nova Andradina
48805094340;034011190;Ana Luiza Teixeira;26/10/7014;Congonhas
27657576740;187300453;Gabriela Moreira;08/01/4245;Rolim de Moura
82639573896;372555444;Lorena Araujo;11/10/2815;Acara
66290701355;406312015;Joana Vieira;05/07/6738;Piedade
95348040452;318676729;Caio Pires;07/03/6242;Ibipora
67741052462;350381819;Stella Fogaca;07/03/8237;Olimpia
49149326791;024077888;Bernardo Aragao;24/08/4339;Sao Jose do Rio Pardo
49913823196;568515551;Joao Pedro Mendes;22/06/2914;Catu
92013294824;015833852;Maria Moraes;09/03/1732;Granja
33320207300;411297504;Samuel Ferreira;29/03/5331;Eusebio
11878886304;133902975;Maria Eduarda Costa;10/01/4731;Capao da Canoa
82742734430;113828200;Sofia da Mata;03/11/8121;Jaguaquara
64202881346;159239659;Davi Luiz Silveira;11/11/8396;Araci
36888037525;674728543;Murilo Rezende;13/02/5440;Sao Francisco do Sul
38351277568;053614651;Luiz Fernando Carvalho;23/05/7745;Acopiara
47470082255;780238499;Elisa Correia;18/04/1182;Boa Viagem
65461303005;969405893;Ana Clara Freitas;01/03/6007;Vigia
21122407572;042948997;Erick Viana;29/09/5810;Canoinhas
18785920924;851108393;Bruna Fernandes;23/04/9679;Capitao Poco
38361599371;016177490;Agatha Porto;27/11/0295;Campo Belo
01893068072;720793640;Valentina da Costa;05/02/4946;Beberibe
13468044518;277154466;Fernando Viana;25/02/8403;Vargem Grande Paulista
09448771843;438513255;Benjamin Gomes;01/07/4083;Barra
90148777228;080383008;Ana Vitoria Silva;24/02/1404;Videira
45068669679;567604187;Bernardo Novaes;28/09/0987;Ribeira do Pombal
48763707888;917742312;Yasmin da Rosa;27/09/8445;Marechal Candido Rondon
31548164453;806552655;Joao Miguel da Paz;05/10/8578;Porto Feliz
00428746454;800730978;Vicente Silva;09/07/8947;Santo Estevao
32773884175;516673297;Bryan Almeida;11/04/1235;Inhumas
88261481638;234912125;Yago Mendes;11/11/3712;Porto Nacional
78922702648;062151559;Pedro Miguel Rocha;12/01/2436;Tramandai
80389716120;984984182;Srta. Elisa Dias;10/10/7397;Itapaje
15845274559;760389851;Isabelly Oliveira;16/05/0444;Itupiranga
11589219422;644431182;Emanuelly Souza;20/12/9456;Rondon do Para
93643424027;131137142;Pedro Lucas Santos;05/10/4573;Lagoa da Prata
02000358004;305510462;Matheus Rezende;15/04/2388;Paracambi
28782646147;138224185;Cecilia Ribeiro;06/03/0839;Itabirito
61395138125;868136783;Leandro Barbosa;27/03/7807;Sape
25353582551;184168836;Luigi Fernandes;20/08/0440;Tobias Barreto
51561842869;590373944;Ana Moreira;23/11/2131;Viana
48054725299;582365363;Davi Lucca Vieira;10/03/6993;Marechal Deodoro
66070942108;744723163;Caua Moraes;12/10/4934;Prudentopolis
32522303309;071572824;Joao Gabriel Sales;24/12/3273;Sao Joaquim da Barra
77011922202;844804407;Yuri da Mata;17/10/1824;Campos do Jordao
01516593626;021130616;Emanuelly Novaes;10/12/4647;Leopoldina
99527718007;003587964;Emanuelly Viana;23/12/3260;Timbauba
32559286130;311545162;Bryan Rezende;08/07/4372;Paraiso do Tocantins
07660064177;999901591;Olivia Moreira;20/05/8728;Palmas
47518424711;363224644;Levi da Rosa;25/01/6431;Delmiro Gouveia
62473927294;502989242;Manuela Costa;25/09/9079;Obidos
50687010926;466226508;Maite Lopes;10/03/8846;Ruropolis
28917486975;339532346;Maria Cecilia Goncalves;03/06/4265;Laranjal do Jari
80795659881;866589744;Lorena Rezende;18/12/8134;Xanxere
91895445876;403491005;Vitor Hugo Duarte;09/11/8120;Guaxupe
89112908584;061441089;Camila Martins;18/12/4197;Ze Doca
60044948956;791731078;Isabella Correia;03/11/8434;Jaragua
37541855430;407502747;Sophie da Rocha;14/12/2164;Alta Floresta
76306951440;498651488;Joao Guilherme Lopes;20/01/2629;Rio Grande da Serra
70299430740;558430575;Arthur Farias;11/01/5542;Pontal
27207761651;787514060;Gabriel Lopes;14/11/6053;Brejo da Madre de Deus
95572162639;908738079;Sophie Viana;12/09/2485;Jaru
70796400830;457135036;Isabella Nunes;31/12/7593;Bom Despacho
73659716570;269703937;Diego da Cruz;23/06/0260;Quirinopolis
86845034575;187871253;Vinicius Melo;07/02/5983;Estancia Velha
20500146357;460030730;Nina Duarte;25/07/9519;Caetite
41352518031;043905287;Guilherme Rocha;02/08/0226;Cabreuva
80993516572;526162178;Srta. Eloah Porto;18/04/9924;Monte Alto
40026571838;858799798;Laura Correia;23/09/4338;Louveira
95086218420;469736630;Agatha da Mata;27/06/6305;Lago da Pedra
53218985455;482883436;Julia da Cunha;26/07/2241;Tucano
24165115487;848946670;Agatha Martins;16/01/0953;Itarare
15164836424;834595156;Otavio Silveira;10/02/0896;Nova Venecia
74995638121;523502584;Elisa Barbosa;21/09/2602;Cerquilho
57644483527;999432294;Maria Julia Ramos;07/10/3622;Bocaiuva
47053839400;356998560;Enzo Goncalves;28/02/6398;Macaubas
39278415790;651217856;Melissa da Rosa;15/07/9341;Brejo Santo
16941982276;493921028;Vinicius da Cruz;28/02/6224;Coelho Neto
70184912075;238253323;Lucas Ribeiro;29/08/0095;Iranduba
75844395271;150105884;Gustavo Henrique Teixeira;27/04/3651;Baiao
99597480816;354404775;Fernanda Barbosa;30/03/5878;Sao Goncalo do Amarante
06332763671;844560204;Luiza Melo;30/10/0973;Santiago
07061957794;690760304;Levi Caldeira;05/01/2205;Jales
72239720921;947254191;Brenda Castro;27/05/0250;Monte Santo
27187803397;891295632;Lara Jesus;03/01/9972;Pacaja
42862997595;002422887;Enzo Fogaca;06/06/6880;Pedreira
79204017635;485719961;Caua da Costa;15/05/3005;Bom Conselho
21883296862;831385017;Ryan Barros;02/07/9189;Maracaju
58311292337;079697483;Gustavo da Conceicao;04/01/5092;Lapa
71228916900;134802581;Marina Cardoso;12/07/9396;Mauriti
99018108332;897926377;Ana Clara Ferreira;10/06/5723;Sao Benedito
13309714691;554206623;Joao Lucas Rocha;31/08/6579;Presidente Dutra
14476355587;115710402;Augusto Sales;26/01/4933;Tremembe
86265551809;659668478;Maria Alice Cardoso;03/09/9855;Nova Mutum
25544524157;711902614;Heitor da Paz;14/12/6969;Santa Cruz do Rio Pardo
16880520707;488489112;Lais Peixoto;17/03/7536;Aquidauana
31172837490;628290397;Leandro Nogueira;28/07/7161;Conceicao do Araguaia
89385174541;343125746;Raquel Caldeira;05/11/1542;Monte Carmelo
99755783903;141099453;Murilo Silva;05/06/2550;Joao Pinheiro
55215212759;980316675;Maite Carvalho;20/07/5569;Diamantina
84901044923;618426251;Maria Cecilia Rezende;24/02/4032;Santana do Ipanema
50188235930;893161293;Lara Barbosa;17/05/8856;Cornelio Procopio
43222601011;347787950;Anthony Freitas;06/06/1082;Ribeirao
69267467964;550057182;Lavinia das Neves;30/10/7956;Mairinque
19166864194;230958845;Sophie Correia;19/08/7534;Labrea
80807112917;545799235;Heitor Azevedo;21/04/1902;Mata de Sao Joao
47291016347;734818663;Ana Carolina Castro;03/09/9672;Atalaia
36684688188;118349687;Amanda Alves;11/01/9757;Pederneiras
11430000996;198673268;Lais Vieira;19/07/7482;Barras
41130721329;257954310;Noah Barbosa;01/10/3872;Dracena
14557468608;087647383;Luiz Gustavo Cunha;24/04/2955;Sena Madureira
55160957197;192198795;Lara Melo;24/12/0463;Sao Mateus do Sul
33227803682;971145228;Noah da Rocha;15/04/4806;Capao Bonito
41804307700;770685893;Breno Mendes;13/03/4900;Araioses
80231246927;333503598;Brenda Barbosa;06/06/8856;Toritama
64453574401;736303871;Esther Barros;20/03/5574;Niquelandia
33098378905;994925163;Pietra da Cunha;04/09/6521;Sao Gabriel da Cachoeira
82658705158;987218650;Luana Correia;10/10/2569;Morrinhos
57456961921;154304349;Joao Gabriel Caldeira;19/11/8798;Campo Maior
93837891666;276040750;Emanuel Freitas;04/10/4542;Medianeira
76961517110;346994657;Lorena da Mota;04/08/7211;Augusto Correa
95738707540;822010880;Bernardo Alves;18/12/1798;Guajara-Mirim
93915541133;940892883;Lorenzo da Cunha;13/08/7062;Pocoes
90026315459;631051888;Giovanna da Luz;21/07/4430;Sirinhaem
33703615583;940031834;Rodrigo da Luz;16/08/1119;Osorio
32097288600;920314609;Ana Carolina das Neves;07/06/0139;Guaramirim
60761095560;608408092;Vitor Hugo Barbosa;24/12/7976;Xique-Xique
79568046631;562190344;Renan Dias;01/09/3832;Sao Lourenco
93401126369;815873366;Amanda da Paz;24/11/6726;Santo Antonio da Platina
16183527092;422086314;Luna Rocha;26/02/2733;Laguna
08302240257;606067077;Maite da Rosa;11/07/4731;Livramento de Nossa Senhora
15863963077;529602305;Sarah Cardoso;14/02/1483;Santos Dumont
65766273193;622662815;Davi Lucas Monteiro;11/07/3085;Salto de Pirapora
98741600630;249771276;Camila Caldeira;16/10/1547;Goianira
83967876462;049369970;Caue Teixeira;28/05/5670;Paraguacu Paulista
08172395299;706021319;Caroline Farias;04/04/2721;Serrana
59414522093;231526315;Maria Vitoria Moreira;03/11/2781;Pontes e Lacerda
06796780930;236397553;Marcelo Martins;11/01/0753;Sao Bento
71646919670;278712487;Maria Luiza Vieira;01/05/9739;Ipiau
81388891875;366886801;Davi Lucas Almeida;13/06/1541;Canela
54275060121;590218133;Daniela Mendes;02/07/9592;Mangaratiba
53193143022;778581323;Maria Julia Moura;02/09/0214;Porangatu
40171230159;305618596;Joao Vitor Caldeira;26/07/8049;Casimiro de Abreu
67034161500;787688838;Eduardo da Luz;13/06/6844;Imbituba
16869915091;334030364;Stella Dias;04/07/0075;Timbo
79025384420;598457751;Pedro Nogueira;05/03/0254;Jardinopolis
81555212816;546281752;Stephany Lima;07/12/9252;Marau
58340149415;818979370;Srta. Catarina Costela;22/03/8543;Xinguara
10057807906;378362612;Lucca Fogaca;30/12/8330;Uruara
83308416182;629216746;Valentina Martins;25/12/9403;Mamanguape
56811130946;961830139;Esther da Rosa;26/01/3816;Caete
07632719695;380779873;Luna Lopes;26/12/5088;Barra de Sao Francisco
96655087414;702698800;Gabriel Cavalcanti;14/11/0885;Currais Novos
71741141990;000836601;Lucas Viana;02/10/0490;Maragogipe
67518671905;225707804;Giovanna Silveira;19/02/4163;Benjamin Constant
80654451443;220654213;Kevin Barros;24/03/8519;Paraiba do Sul
88866855138;802340050;Srta. Cecilia Viana;21/12/3863;Orlandia
25989823630;595772249;Vicente Dias;28/07/0226;Uniao
69402073418;820789906;Levi Teixeira;24/04/1278;Espirito Santo do Pinhal
04954695562;413504719;Lavinia Gomes;30/05/8293;Panambi
13827556511;832094109;Lara Sales;26/12/4993;Presidente Epitacio
40624859312;668769758;Pedro Miguel Moreira;18/01/5906;Teotonio Vilela
97065010295;032327255;Maysa Lima;11/02/1986;Sao Jose de Mipibu
03786055009;246187951;Alicia da Costa;07/05/0300;Igarape
78704251768;295223296;Emanuelly Caldeira;27/04/5139;Sao Sebastiao do Passe
00893691305;580642037;Erick Cardoso;27/12/4496;Garca
98969383182;647541564;Rafael da Cunha;29/06/3788;Queimadas
34743860423;326336724;Davi Lucca Cardoso;09/10/4187;Seabra
42817021134;241304601;Maria Julia Pires;16/10/0089;Itaberai
10343023881;782754887;Elisa da Paz;26/03/9643;Santa Rita do Sapucai
63261229705;798669459;Lorenzo Teixeira;06/03/3775;Amontada
39985070437;982312916;Maysa Costela;15/09/8759;Vera Cruz
66515008481;328256807;Marcos Vinicius Costa;10/11/4850;Paraty
02895206732;807136996;Luigi Fernandes;21/11/5044;Nova Vicosa
62663480207;793480164;Maite Cardoso;03/05/6371;Campina Grande do Sul
47846929917;280005628;Maria Julia da Rosa;09/04/3339;Campo Verde
80153369450;776641725;Raul Cardoso;31/07/9545;Aguas Belas
08863302200;166541046;Maria Alice da Mota;30/08/6702;Mombaca
90103147152;965767614;Ana Julia Fogaca;11/03/1866;Catende
93036696067;272227470;Leonardo Nascimento;30/09/5682;Tarauaca
70405251270;198447481;Pedro Miguel Novaes;26/09/2896;Santa Quiteria
95739051835;749447608;Leandro da Costa;17/06/5956;Itapolis
49746655531;548045343;Marcelo Aragao;06/02/2033;Sao Lourenco do Sul
22044367203;417751459;Juan Fogaca;26/08/5135;Santo Antonio da Patrulha
73097690824;517913800;Maria Castro;05/08/7132;Vargem Grande do Sul
09243741799;506917086;Olivia Ribeiro;14/06/6943;Pedra Branca
37198550665;319648018;Stella Aragao;26/11/3042;Visconde do Rio Branco
82164085361;459569777;Stella Freitas;07/05/4774;Rosario
50165563508;718560580;Fernando Rocha;04/09/8132;Estreito
96013708207;971359564;Isabel Cunha;19/08/0321;Tiete
83459256265;315670800;Barbara Santos;02/12/1016;Barreiros
70311741207;435744697;Joaquim Sales;22/09/9532;Santa Helena
17848560961;948432854;Enrico Alves;21/07/1718;Mucuri
23399797141;421705893;Kaique Rodrigues;22/07/4377;Santo Antonio de Padua
63831725578;195653910;Beatriz Jesus;20/12/3424;Rio Negrinho
15746161888;911261133;Thales Duarte;06/09/8353;Machado
31852838566;594676423;Giovanna Freitas;02/07/1167;Itarema
06337942957;315128042;Ana Teixeira;31/03/5729;Eldorado do Sul
34816992049;965646396;Ian da Costa;27/11/1553;Porto de Moz
13502333823;965579317;Joao Pedro da Rocha;22/11/2641;Paranaiba
06258798721;298910477;Paulo Nunes;17/12/7757;Itabaianinha
92794611682;942370241;Ana Oliveira;19/06/1720;Almenara
68826257868;623259858;Julia Costa;31/12/2964;Borba
20789869411;948125191;Maria Alice da Rosa;24/12/9593;Santa Maria da Boa Vista
97417737226;526464527;Raul Campos;18/11/4010;Ituverava
15057415565;131916849;Maria Eduarda Teixeira;20/12/1961;Paicandu
37879368663;952549085;Isadora Alves;06/11/9545;Tuntum
28171475965;522744891;Lavinia Souza;21/12/5680;Sao Francisco de Itabapoana
17640564182;225399185;Yasmin Pinto;17/11/2795;Ipu
69087246200;227636831;Pedro Lucas Caldeira;27/07/9020;Amarante do Maranhao
25943471324;134033394;Sabrina Barros;30/09/7318;Entre Rios
85929058261;062189378;Joao Felipe Rezende;05/10/7205;Bom Jardim
71046450204;315331202;Agatha Araujo;15/12/9697;Oliveira
82747362302;495208807;Luana da Cunha;10/06/8712;Salinas
48010830640;054899014;Gustavo Henrique Dias;03/10/1223;Novo Horizonte
58050199576;024983701;Caua Nascimento;19/01/2491;Sao Mateus do Maranhao
90348192568;231435352;Srta. Evelyn da Luz;03/01/4294;Machadinho d'Oeste
54546257368;574544614;Vicente Souza;18/11/2122;Charqueadas
28783583769;205399452;Joao Lucas Gomes;13/06/0222;Andradas
27522573173;549574615;Julia Nogueira;12/09/8614;Socorro
26181141839;515596916;Alexandre da Rocha;29/03/8550;Goianesia do Para
71876156040;588593607;Maria Fernanda Barbosa;09/04/0761;Santa Maria de Jetiba
45407306301;829696829;Heitor Castro;14/09/9716;Girau do Ponciano
16818609961;134439694;Diogo Rodrigues;06/12/9190;Americo Brasiliense
02419692128;494540149;Juan da Cunha;10/07/2661;Muana
77423477923;043323657;Leonardo Alves;23/06/1966;Colinas
01145129064;562864740;Felipe Azevedo;14/12/6879;Dois Vizinhos
61583994505;937879677;Isabelly da Mata;11/10/5054;Remanso
77871315781;413859858;Thiago Costa;22/06/4552;Sao Manuel
84235402277;709339258;Nicolas Moura;16/08/9488;Guaira
58349367849;130498735;Isis Almeida;27/03/4222;Sento Se
76038100865;927504935;Clarice Ramos;08/09/4549;Sao Miguel do Oeste
81215941200;007234581;Esther Nascimento;11/09/4098;Promissao
53715150203;262510807;Matheus Aragao;10/03/1944;Rio Real
26459735824;813357578;Rodrigo Moura;08/02/9776;Brumadinho
75229595000;836966456;Bruna da Rosa;21/07/6570;Juina
91749608731;371701541;Vinicius Rocha;12/07/3581;Salinopolis
83374887279;579153577;Luiz Gustavo Pires;07/06/0428;Uruacu
13097889604;286685275;Renan Alves;19/03/3517;Colniza
41372013156;646270103;Larissa Lima;01/06/9704;Curuca
43327575991;192724962;Pedro Miguel Pereira;26/10/2578;Varzea Alegre
03811970348;230708544;Vitor Gabriel da Cruz;02/05/2255;Buritis
31526903717;132339645;Ana Sophia Farias;05/12/6264;Autazes
90832097250;092052400;Alana Goncalves;11/09/4515;Guaraciaba do Norte
53732770885;816891154;Daniel Barbosa;04/12/4403;Araquari
70417410280;903541842;Bryan Cardoso;07/09/6927;Lajedo
01168908604;791580384;Heitor da Rocha;15/10/8609;Guariba
56507158585;535485369;Joao Guilherme Fogaca;18/06/3640;Sao Paulo de Olivenca
86925945809;405415027;Pedro Miguel Ribeiro;18/09/7411;Jeremoabo
75247877403;181392988;Julia Ferreira;07/01/7385;Simao Dias
14147847919;977346170;Luiz Henrique Pires;26/06/0594;Inhambupe
78856848228;368016207;Gabriela Porto;29/07/5298;Altos
98259479770;418244525;Calebe Pinto;14/07/4937;Sao Francisco do Conde
18184663412;371166845;Raquel Moraes;17/03/6940;Tucuma
45764644267;597076469;Erick da Luz;14/08/2583;Arcos
23990916394;018937658;Bruna Oliveira;26/11/9082;Nanuque
32249977020;976400893;Laura Castro;05/11/9305;Pitangueiras
86001280215;827177585;Marina Melo;15/08/3510;Pojuca
26382470228;050610468;Nicole Dias;12/11/0338;Boa Esperanca
42055554824;543823224;Agatha Melo;29/10/3080;Santa Cruz
96430185982;229294244;Joao Lucas Correia;09/04/1577;Amambai
45055506210;534617709;Maria Sophia Cardoso;21/04/1986;Ouro Branco
38749890972;362422491;Carlos Eduardo Freitas;01/10/9385;Iturama
21304168700;719150706;Danilo Santos;23/08/1442;Varzea da Palma
03425479253;714105437;Murilo Azevedo;16/05/3771;Bom Jardim
07540984945;549938589;Sofia Novaes;11/09/4090;Curitibanos
26023223850;983429138;Vitor Araujo;19/03/0339;Esperantina
16988453245;545976750;Lorena Rocha;26/03/6779;Afua
20181585707;835927085;Samuel Carvalho;28/05/6922;Tijucas
47073784202;263993571;Luiz Gustavo Martins;07/11/8197;Jaiba
71412233208;254830583;Julia Moraes;15/10/6797;Sao Joao Batista
48731452795;074314039;Ana Livia Moreira;11/01/2171;Santa Maria da Vitoria
54205361530;020207713;Emilly Lopes;11/07/4363;Presidente Venceslau
79725335473;353208497;Camila Peixoto;25/12/1951;Jose de Freitas
17004011658;464924411;Gabriela Goncalves;01/08/6207;Torres
41535170115;499901436;Pedro Henrique Silva;21/08/4526;Massape
90021373620;793144818;Pedro Miguel das Neves;26/10/4906;Jacarezinho
83451823306;714708490;Lorena Correia;22/01/6499;Marataizes
35194227949;149557851;Nicolas Sales;03/01/3004;Igarape-Acu
36975970947;556347416;Melissa Jesus;09/12/8292;Rosario do Sul
45173357398;031024281;Ana Livia Freitas;27/06/7388;Pedreiras
95247869664;643244036;Noah Freitas;21/12/6574;Canaa dos Carajas
21721156739;787859516;Julia Lima;10/07/3004;Sao Gabriel da Palha
23897892189;328165045;Carolina Moraes;06/01/4494;Penalva
96998825900;886104915;Mariana Rodrigues;26/03/8525;Santa Helena de Goias
29113428101;000923780;Ana Beatriz Peixoto;15/04/8115;Rio Brilhante
17601197336;327119678;Carolina Viana;25/11/4398;Careiro
02523412799;744006585;Ana Julia Pinto;12/05/8348;Pedro II
73989634674;444498451;Bruno Lopes;15/01/3145;Ipero
21648384323;155174488;Kamilly Pereira;24/05/3862;Sao Fidelis
11567225942;034163717;Olivia Pereira;20/01/9096;Santa Rita
20626995906;174444827;Raul das Neves;18/09/5308;Nova Olinda do Norte
10436131536;000597352;Danilo da Mota;30/12/7453;Itaitinga
23943259684;016014155;Bryan da Luz;08/11/9010;Bodoco
84062070278;015290357;Stella Ramos;05/06/1505;Matozinhos
79451205390;754936761;Barbara Lopes;25/12/0895;Alianca
35991819858;942953519;Gabriel Rezende;09/06/8694;Capelinha
83366725087;590636912;Stella Dias;16/05/9934;Sao Goncalo dos Campos
12808986661;372822890;Marcela Castro;25/01/8699;Rio Pardo
64218436894;282144891;Henrique Ramos;01/04/1574;Dom Pedrito
31953571786;638113497;Benjamin Oliveira;15/03/6149;Bonito
74183720435;091473552;Rafael da Cunha;07/10/0226;Presidente Figueiredo
79638846429;373547783;Raul Goncalves;31/08/6751;Portao
02853100707;790580321;Vitoria Castro;19/09/8051;Ipueiras
53679444265;371766493;Alexandre Rocha;10/11/5526;Pentecoste
52159313726;783304536;Marcelo Ribeiro;25/11/1044;Guaratuba
17871454501;192792234;Mariane Cavalcanti;15/04/1186;Castelo
98489207810;206570566;Davi Luiz Lima;13/05/3298;Posse
55499009554;360663735;Manuela Azevedo;05/05/4123;Esplanada
13991253208;435667473;Srta. Ana Livia das Neves;12/02/7115;Porteirinha
31267223693;767618129;Augusto Rocha;27/01/4227;Igrejinha
93011056676;797844597;Giovanna Moura;08/09/5910;Nossa Senhora da Gloria
69619571533;084118664;Eduarda Duarte;04/08/7470;Jose Bonifacio
09512243105;458714246;Joao Araujo;06/07/5148;Santaluz
93508549291;043587044;Joao Gabriel Sales;22/09/0220;Extrema
95148168625;489566175;Juliana Cardoso;27/02/8939;Custodia
05332722974;700499796;Sophie Monteiro;21/01/9431;Amargosa
92235423400;543837457;Srta. Elisa Ribeiro;12/12/7609;Agudos
02421065364;431776949;Luiz Henrique Pereira;02/05/8300;Nova Cruz
17675196139;501436112;Srta. Juliana Campos;01/09/9085;Afogados da Ingazeira
12929240474;111978710;Breno Freitas;06/04/7979;Sao Caetano
65104518167;904799863;Valentina Barbosa;10/10/1459;Agua Preta
24280050813;606208169;Giovanna Souza;05/12/6171;Itaqui
30971904731;175522499;Enzo Gabriel Cavalcanti;15/01/0509;Bom Jesus do Itabapoana
77990979306;319898064;Raquel Peixoto;25/08/6925;Vassouras
47656284699;020764444;Lorenzo da Paz;10/09/3704;Petrolandia
52263952640;866562809;Thomas da Rocha;24/08/4822;Oeiras
51592558771;310767803;Luiz Otavio Peixoto;12/09/1399;Pimenta Bueno
48392773896;073475328;Noah Melo;13/11/9424;Aguai
78410104008;119537061;Heitor Caldeira;11/08/5762;Campo Novo do Parecis
69367445750;167057929;Gustavo Henrique das Neves;09/03/7511;Brejo
28945529047;797660070;Maite Melo;01/10/1486;Gramado
09800928847;456160255;Clarice da Paz;05/07/2553;Campos Novos
89294776581;507497082;Srta. Natalia Ribeiro;03/09/2584;Sao Joao da Barra
67655129266;569559820;Leandro Santos;01/12/6015;Fraiburgo
68847537223;855345014;Enzo Gabriel Caldeira;05/08/9028;Aracuai
70595240372;976815006;Amanda Nunes;30/11/3807;Araguatins
68127520373;252106529;Antonio Novaes;08/09/9762;Itambe
10892677708;317503190;Maria Julia Martins;13/11/0254;Guaranta do Norte
94469250708;713494612;Marcela Ramos;18/09/5725;Sao Pedro
85603944277;936987654;Igor Freitas;13/01/3326;Colinas do Tocantins
37456990506;653551068;Natalia Vieira;07/05/5674;Rio das Pedras
35835078277;946905212;Sabrina Porto;23/07/1120;Aparecida
38186571655;152536881;Noah Azevedo;17/09/4721;Ilhabela
20811858731;330901668;Ana Luiza Vieira;15/09/0954;Sertania
92238575979;403981264;Livia Novaes;18/09/2565;Itapicuru
14047547760;851741685;Henrique Silveira;24/05/4564;Itiuba
17440214498;918390799;Daniela Carvalho;31/08/9074;Baturite
67588204915;301384972;Srta. Daniela da Paz;12/09/4127;Barra Bonita
22091809101;325986061;Esther Moreira;13/02/0592;Eirunepe
38236702634;503178333;Davi Lucas Azevedo;23/06/5316;Marialva
41811334008;661639088;Cecilia da Luz;25/10/7405;Sao Gotardo
78972348350;222814090;Ana Laura Pires;09/03/6794;Santana do Paraiso
95554165249;106344549;Kaique Aragao;02/02/6201;Apodi
53751283579;085627616;Pietro Castro;26/08/3987;Cravinhos
15496134218;716110764;Joao Vitor Barbosa;05/01/0281;Bariri
04968354169;811250454;Luiz Miguel Fogaca;19/01/2425;Ibate
16054578413;496766323;Heloisa Aragao;09/06/0446;Turiacu
00624924114;657327161;Luiz Gustavo Rezende;21/09/7323;Garibaldi
26441985500;728134598;Maria Julia da Cruz;18/02/7954;Riacho de Santana
77094417004;272297455;Ana da Conceicao;27/12/4877;Matinhos
00048265152;040244710;Calebe Souza;29/08/1719;Peixoto de Azevedo
12466201976;069113211;Otavio Rezende;06/11/1999;Porto Uniao
74736085096;875263365;Caua Azevedo;31/03/5840;Barra do Bugres
53268424406;388808101;Juan da Costa;29/09/7880;Missao Velha
68587145967;499811118;Heitor Martins;04/12/7102;Curralinho
00125537000;782288706;Isabel Alves;06/02/9278;Paracuru
76091941402;172058137;Caue da Cunha;27/04/4396;Morro do Chapeu
75218644927;623425441;Davi Luiz Nascimento;30/12/9117;Poco Redondo
65478801925;815892948;Barbara Azevedo;08/05/6396;Ouro Preto do Oeste
25412887430;414962050;Breno Ribeiro;16/03/2351;Camamu
59400331720;150560679;Pietra da Luz;28/03/0891;Alem Paraiba
78477763402;765038520;Gustavo Henrique Almeida;11/05/1154;Aracoiaba da Serra
92433897343;599141521;Gabrielly Rodrigues;02/08/9231;Joao Camara
92921045940;315959533;Gustavo Henrique Silveira;14/03/3144;Pilar
94358601502;024371175;Sophia Rezende;27/04/0019;Cachoeira do Piria
84020915040;383588983;Vicente Ramos;24/09/3476;Ubajara
37758732445;877510490;Bruna Porto;23/12/1845;Pilao Arcado
69293054990;716390742;Gabriel Barbosa;22/02/8413;Juara
18083914380;297787780;Camila Santos;23/08/4882;Jaguariaiva
13458801545;374264569;Joao Moraes;18/07/7769;Adamantina
13675371506;059529483;Francisco Novaes;26/05/5767;Piumhi
52648680420;041172608;Diego Moreira;04/02/1329;Itamarandiba
38036672081;665253116;Maria Fernanda Rodrigues;25/09/9669;Parnarama
78874197276;169967637;Natalia Araujo;14/08/2800;Santa Cruz das Palmeiras
83857699353;850131307;Luiz Felipe da Costa;24/02/2077;Bom Jesus das Selvas
42888838303;776295039;Rafaela Castro;28/08/3920;Curaca
68679359904;961392206;Daniela da Costa;22/05/0251;Armacao dos Buzios
34686912628;780047896;Joao Pedro da Paz;14/02/7126;Itaporanga d'Ajuda
44499887879;161055762;Kevin Ramos;07/08/3731;Sao Raimundo Nonato
50406740151;882336681;Julia Mendes;15/05/0215;Padre Bernardo
78013277801;868215527;Enrico da Cruz;28/04/4725;Feijo
89094590425;673640624;Marina da Mota;07/04/2528;Boca do Acre
43420989385;894766608;Alicia Jesus;27/03/3361;Itapemirim
21715731980;120716691;Benjamin Rocha;09/10/6546;Cansancao
38470168908;063599324;Luiza Novaes;15/01/9205;Tangua
09510090441;667553012;Pietro Jesus;17/03/9699;Rio Preto da Eva